{
  "frequency": {
    "30 期": {
      "front_top": [
        [
          9,
          8
        ],
        [
          26,
          8
        ],
        [
          10,
          7
        ],
        [
          12,
          7
        ],
        [
          34,
          7
        ]
      ],
      "back_top": [
        [
          1,
          10
        ],
        [
          6,
          8
        ],
        [
          12,
          8
        ]
      ],
      "front_avg": 4.285714285714286,
      "back_avg": 5.0
    },
    "100 期": {
      "front_top": [
        [
          2,
          21
        ],
        [
          5,
          18
        ],
        [
          23,
          18
        ],
        [
          28,
          18
        ],
        [
          29,
          18
        ]
      ],
      "back_top": [
        [
          6,
          20
        ],
        [
          5,
          18
        ],
        [
          7,
          17
        ]
      ],
      "front_avg": 13.428571428571429,
      "back_avg": 14.166666666666666
    },
    "500 期": {
      "front_top": [
        [
          10,
          89
        ],
        [
          29,
          86
        ],
        [
          2,
          82
        ],
        [
          23,
          82
        ],
        [
          22,
          79
        ]
      ],
      "back_top": [
        [
          6,
          87
        ],
        [
          7,
          87
        ],
        [
          11,
          84
        ]
      ],
      "front_avg": 70.42857142857143,
      "back_avg": 80.66666666666667
    }
  },
  "hot_cold": {
    "30 期": {
      "front_hot": [
        9,
        26,
        34,
        12,
        10
      ],
      "back_hot": [
        1,
        6
      ]
    },
    "100 期": {
      "front_hot": [
        23,
        27,
        2,
        15,
        33
      ],
      "back_hot": [
        5,
        7
      ]
    },
    "500 期": {
      "front_hot": [
        23,
        33,
        21,
        2,
        4
      ],
      "back_hot": [
        1,
        11
      ]
    }
  },
  "sum_stats": {
    "30 期": {
      "front_sum_mean": 87.9,
      "front_sum_std": 25.75829963332207,
      "front_sum_min": 42,
      "front_sum_max": 139,
      "back_sum_mean": 12.9
    },
    "100 期": {
      "front_sum_mean": 7890.23,
      "front_sum_std": 11911.685661446074,
      "front_sum_min": 41,
      "front_sum_max": 26146,
      "back_sum_mean": 19.04
    },
    "500 期": {
      "front_sum_mean": 1652.9519038076153,
      "front_sum_std": 6179.414122672987,
      "front_sum_min": 35,
      "front_sum_max": 26146,
      "back_sum_mean": 14.312625250501002
    }
  },
  "odd_even": {
    "30 期": {
      "odd_ratio": {
        "3": 10,
        "2": 9,
        "4": 4,
        "1": 6,
        "5": 1
      },
      "most_common": [
        3,
        10
      ]
    },
    "100 期": {
      "odd_ratio": {
        "4": 16,
        "2": 36,
        "3": 30,
        "1": 14,
        "5": 3,
        "0": 1
      },
      "most_common": [
        2,
        36
      ]
    },
    "500 期": {
      "odd_ratio": {
        "4": 74,
        "2": 164,
        "3": 173,
        "1": 69,
        "5": 13,
        "0": 6
      },
      "most_common": [
        3,
        173
      ]
    }
  },
  "predictions": {
    "30 期": {
      "front_recommend": [
        9,
        26,
        10,
        12,
        34,
        5,
        3,
        4,
        8,
        11
      ],
      "back_recommend": [
        1,
        6,
        12,
        8,
        5
      ],
      "front_hot": [
        [
          9,
          8
        ],
        [
          26,
          8
        ],
        [
          10,
          7
        ],
        [
          12,
          7
        ],
        [
          34,
          7
        ]
      ],
      "back_hot": [
        [
          1,
          10
        ],
        [
          6,
          8
        ],
        [
          12,
          8
        ]
      ]
    },
    "100 期": {
      "front_recommend": [
        2,
        5,
        23,
        28,
        29,
        14,
        21,
        8,
        12,
        17
      ],
      "back_recommend": [
        6,
        5,
        7,
        1,
        4
      ],
      "front_hot": [
        [
          2,
          21
        ],
        [
          5,
          18
        ],
        [
          23,
          18
        ],
        [
          28,
          18
        ],
        [
          29,
          18
        ]
      ],
      "back_hot": [
        [
          6,
          20
        ],
        [
          5,
          18
        ],
        [
          7,
          17
        ]
      ]
    },
    "500 期": {
      "front_recommend": [
        10,
        29,
        2,
        23,
        22,
        8,
        21,
        14,
        15,
        12
      ],
      "back_recommend": [
        6,
        7,
        11,
        12,
        3
      ],
      "front_hot": [
        [
          10,
          89
        ],
        [
          29,
          86
        ],
        [
          2,
          82
        ],
        [
          23,
          82
        ],
        [
          22,
          79
        ]
      ],
      "back_hot": [
        [
          6,
          87
        ],
        [
          7,
          87
        ],
        [
          11,
          84
        ]
      ]
    }
  }
}